{"0_1_fibonacci": {"least": -156.24851989746094, "more": -154.43548583984375, "most": -141.96250915527344}, "0_2_fibonacci": {"least": -120.34886932373047, "more": -124.06177520751953, "most": -112.48638153076172}, "0_5_fibonacci": {"least": -103.43405151367188, "more": -99.81098175048828, "most": -99.87249755859375}, "0_6_fibonacci": {"least": -113.33446502685547, "more": -101.90953063964844, "most": -113.40196990966797}, "10_39_xnglxsh": {"least": -153.9501953125, "more": -154.41131591796875, "most": -151.374267578125}, "11_40_palindrome": {"least": -73.3109130859375, "more": -69.21756744384766, "most": -74.36582946777344}, "12_41_reversing_a_list": {"least": -100.59040069580078, "more": -104.56714630126953, "most": -97.06906127929688}, "13_42_limit": {"least": -101.22441101074219, "more": -100.3533935546875, "most": -101.31556701660156}, "14_43_used_twice": {"least": -83.9841537475586, "more": -85.1084976196289, "most": -87.09796142578125}, "15_44_sequential_search": {"least": -135.69168090820312, "more": -147.32276916503906, "most": -130.77890014648438}, "15_45_sequential_search": {"least": -140.31915283203125, "more": -135.88357543945312, "most": -130.47474670410156}, "16_46_substring_length": {"least": -174.29388427734375, "more": -175.13128662109375, "most": -171.0234832763672}, "16_56_substring_length": {"least": -176.58148193359375, "more": -163.37904357910156, "most": -171.39883422851562}, "17_47_topk_socratic": {"least": -152.31442260742188, "more": -148.932373046875, "most": -140.06533813476562}, "18_48_password_validator": {"least": -110.13520812988281, "more": -108.68357849121094, "most": -109.21408081054688}, "19_49_word_counter": {"least": -151.01055908203125, "more": -155.0994873046875, "most": -151.3163299560547}, "19_50_word_counter": {"least": -157.57627868652344, "more": -155.44473266601562, "most": -161.1512908935547}, "1_10_calculating_a_grade": {"least": -166.7378387451172, "more": -169.9630584716797, "most": -155.68824768066406}, "1_11_calculating_a_grade": {"least": -138.07632446289062, "more": -134.31082153320312, "most": -136.1972198486328}, "1_13_calculating _a_grade": {"least": -151.55075073242188, "more": -152.982421875, "most": -145.4527587890625}, "1_8_calculating_a_grade": {"least": -127.92456817626953, "more": -123.92762756347656, "most": -125.60539245605469}, "1_9_calculating_a_grade": {"least": -157.22665405273438, "more": -159.94757080078125, "most": -155.8856964111328}, "20_51_spell_checker": {"least": -85.39874267578125, "more": -79.73802185058594, "most": -81.44093322753906}, "21_52_fahrenheit_to_celsius": {"least": -87.56456756591797, "more": -81.02789306640625, "most": -82.60992431640625}, "22_53_cookie_purchase": {"least": -126.37244415283203, "more": -128.51821899414062, "most": -125.18147277832031}, "24_29_factorial_socratic": {"least": -206.1248779296875, "more": -206.4713134765625, "most": -202.5145263671875}, "25_55_insert_to_linked_list": {"least": -166.35684204101562, "more": -166.31991577148438, "most": -159.48507690429688}, "2_18_splitting_cookies": {"least": -315.1248474121094, "more": -314.67193603515625, "most": -305.29541015625}, "3_20_counting_down": {"least": -150.10391235351562, "more": -148.80776977539062, "most": -148.40684509277344}, "4_22_removing_even_number": {"least": -79.40399169921875, "more": -75.46842956542969, "most": -75.19770050048828}, "4_23_removing_even_numer": {"least": -159.0098419189453, "more": -161.56329345703125, "most": -160.46524047851562}, "4_25_removing_even_numer": {"least": -99.27182006835938, "more": -95.40522766113281, "most": -86.81926727294922}, "4_26_removing_even_numbers": {"least": -140.32235717773438, "more": -143.31558227539062, "most": -140.9831085205078}, "4_28_removing_even_numbers": {"least": -77.61772155761719, "more": -72.88839721679688, "most": -74.98436737060547}, "56_15_compute_average": {"least": -161.8897247314453, "more": -161.73605346679688, "most": -156.3162384033203}, "58_58_splitting_apples": {"least": -81.27255249023438, "more": -83.9368896484375, "most": -80.87672424316406}, "58_59_splitting_apples": {"least": -120.2427749633789, "more": -114.95513916015625, "most": -91.64674377441406}, "59_60_product": {"least": -100.9802017211914, "more": -101.04469299316406, "most": -103.57524871826172}, "5_30_sorted_words": {"least": -191.38796997070312, "more": -187.48048400878906, "most": -186.76133728027344}, "60_61_largest_number": {"least": -114.46560668945312, "more": -114.23983764648438, "most": -110.88082885742188}, "61_62_is_even": {"least": -95.79304504394531, "more": -95.0958023071289, "most": -93.98745727539062}, "62_63_summing_between_integers": {"least": -99.6715087890625, "more": -102.97333526611328, "most": -102.84236145019531}, "63_64_good_dinner": {"least": -118.49807739257812, "more": -122.26568603515625, "most": -101.75550079345703}, "64_65_count_ones": {"least": -134.05577087402344, "more": -132.78880310058594, "most": -140.73345947265625}, "65_66_list_range": {"least": -133.50955200195312, "more": -134.0037841796875, "most": -129.9040985107422}, "66_67_last_index_of": {"least": -83.17656707763672, "more": -84.28826904296875, "most": -71.42694091796875}, "66_68_last_index_of": {"least": -144.65576171875, "more": -143.26658630371094, "most": -145.03231811523438}, "66_69_last_index_of": {"least": -134.70040893554688, "more": -131.77655029296875, "most": -126.7476806640625}, "67_70_area_circle": {"least": -118.71349334716797, "more": -122.59439086914062, "most": -116.58744049072266}, "69_81_get_combinations": {"least": -116.148193359375, "more": -107.09722900390625, "most": -111.88276672363281}, "6_33_turning_clockwise": {"least": -161.57571411132812, "more": -156.54620361328125, "most": -148.60556030273438}, "6_34_turning_clockwise": {"least": -66.15019989013672, "more": -64.14276885986328, "most": -64.0114974975586}, "74_77_disney_vacation_club": {"least": -129.92164611816406, "more": -131.31663513183594, "most": -128.33251953125}, "74_78_disney_vacation_club": {"least": -116.08024597167969, "more": -119.22059631347656, "most": -105.53544616699219}, "7_35_integer_grouping": {"least": -175.39715576171875, "more": -181.1470947265625, "most": -181.1470947265625}, "9_38_calculating_determinant": {"least": -139.71705627441406, "more": -138.88613891601562, "most": -128.58872985839844}}