{"0_1_fibonacci": {"least": -164.12454223632812, "more": -158.11294555664062, "most": -155.3800048828125}, "0_2_fibonacci": {"least": -148.12234497070312, "more": -143.03366088867188, "most": -141.02493286132812}, "0_5_fibonacci": {"least": -139.6039581298828, "more": -131.29171752929688, "most": -136.59158325195312}, "0_6_fibonacci": {"least": -131.58860778808594, "more": -141.47711181640625, "most": -128.0415496826172}, "10_39_xnglxsh": {"least": -156.26849365234375, "more": -153.01397705078125, "most": -162.5003204345703}, "11_40_palindrome": {"least": -109.096923828125, "more": -99.94056701660156, "most": -108.58120727539062}, "12_41_reversing_a_list": {"least": -129.56536865234375, "more": -132.41839599609375, "most": -135.85052490234375}, "13_42_limit": {"least": -140.71961975097656, "more": -130.61563110351562, "most": -139.27940368652344}, "14_43_used_twice": {"least": -110.66492462158203, "more": -107.04193115234375, "most": -107.68830871582031}, "15_44_sequential_search": {"least": -143.50265502929688, "more": -155.7256317138672, "most": -145.1073455810547}, "15_45_sequential_search": {"least": -175.8096160888672, "more": -163.2948455810547, "most": -158.4595947265625}, "16_46_substring_length": {"least": -196.6947021484375, "more": -192.78421020507812, "most": -190.4813232421875}, "16_56_substring_length": {"least": -209.50596618652344, "more": -207.5971221923828, "most": -208.50282287597656}, "17_47_topk_socratic": {"least": -165.3271026611328, "more": -172.4856719970703, "most": -162.7518310546875}, "18_48_password_validator": {"least": -132.2425537109375, "more": -133.3089599609375, "most": -133.74295043945312}, "19_49_word_counter": {"least": -172.29286193847656, "more": -174.52816772460938, "most": -177.71559143066406}, "19_50_word_counter": {"least": -161.76327514648438, "more": -160.65951538085938, "most": -156.74871826171875}, "1_10_calculating_a_grade": {"least": -194.02609252929688, "more": -182.1053466796875, "most": -179.08377075195312}, "1_11_calculating_a_grade": {"least": -163.21990966796875, "more": -171.61236572265625, "most": -164.33029174804688}, "1_13_calculating _a_grade": {"least": -171.75643920898438, "more": -179.21347045898438, "most": -176.2429656982422}, "1_8_calculating_a_grade": {"least": -145.74069213867188, "more": -142.94580078125, "most": -143.89027404785156}, "1_9_calculating_a_grade": {"least": -176.93063354492188, "more": -181.09732055664062, "most": -176.83331298828125}, "20_51_spell_checker": {"least": -107.07551574707031, "more": -105.30140686035156, "most": -111.8717269897461}, "21_52_fahrenheit_to_celsius": {"least": -107.41909790039062, "more": -110.71238708496094, "most": -106.4600830078125}, "22_53_cookie_purchase": {"least": -151.97451782226562, "more": -149.68328857421875, "most": -152.46722412109375}, "24_29_factorial_socratic": {"least": -215.81849670410156, "more": -227.8796844482422, "most": -224.60400390625}, "25_55_insert_to_linked_list": {"least": -171.24508666992188, "more": -171.3343505859375, "most": -170.62332153320312}, "2_18_splitting_cookies": {"least": -338.6018371582031, "more": -341.720947265625, "most": -338.4367370605469}, "3_20_counting_down": {"least": -150.24099731445312, "more": -151.96755981445312, "most": -158.42222595214844}, "4_22_removing_even_number": {"least": -97.72686004638672, "more": -93.00982666015625, "most": -91.26771545410156}, "4_23_removing_even_numer": {"least": -181.65554809570312, "more": -185.96807861328125, "most": -180.16476440429688}, "4_25_removing_even_numer": {"least": -120.20592498779297, "more": -106.03245544433594, "most": -106.64923095703125}, "4_26_removing_even_numbers": {"least": -175.75119018554688, "more": -179.34487915039062, "most": -172.11013793945312}, "4_28_removing_even_numbers": {"least": -89.5183334350586, "more": -96.14535522460938, "most": -94.60281372070312}, "56_15_compute_average": {"least": -192.9276580810547, "more": -196.29241943359375, "most": -186.6290283203125}, "58_58_splitting_apples": {"least": -99.34102630615234, "more": -107.84629821777344, "most": -103.18036651611328}, "58_59_splitting_apples": {"least": -132.9171905517578, "more": -134.47994995117188, "most": -122.10792541503906}, "59_60_product": {"least": -132.1911163330078, "more": -128.0751953125, "most": -131.37786865234375}, "5_30_sorted_words": {"least": -228.4747772216797, "more": -218.6472625732422, "most": -221.20936584472656}, "60_61_largest_number": {"least": -140.00900268554688, "more": -141.71681213378906, "most": -122.75210571289062}, "61_62_is_even": {"least": -110.69895935058594, "more": -120.15727996826172, "most": -110.75137329101562}, "62_63_summing_between_integers": {"least": -116.03194427490234, "more": -122.32365417480469, "most": -119.03083801269531}, "63_64_good_dinner": {"least": -125.47842407226562, "more": -124.91140747070312, "most": -110.1072769165039}, "64_65_count_ones": {"least": -180.311767578125, "more": -181.72703552246094, "most": -178.64376831054688}, "65_66_list_range": {"least": -145.1222381591797, "more": -143.7291259765625, "most": -146.6190948486328}, "66_67_last_index_of": {"least": -102.71031188964844, "more": -101.36758422851562, "most": -99.0582504272461}, "66_68_last_index_of": {"least": -179.1291046142578, "more": -179.04603576660156, "most": -178.90423583984375}, "66_69_last_index_of": {"least": -178.21337890625, "more": -170.78811645507812, "most": -168.79066467285156}, "67_70_area_circle": {"least": -162.11203002929688, "more": -162.54400634765625, "most": -161.34400939941406}, "69_81_get_combinations": {"least": -141.14959716796875, "more": -138.20068359375, "most": -129.61329650878906}, "6_33_turning_clockwise": {"least": -178.1452178955078, "more": -170.3383331298828, "most": -178.843505859375}, "6_34_turning_clockwise": {"least": -97.03013610839844, "more": -90.090576171875, "most": -96.95646667480469}, "74_77_disney_vacation_club": {"least": -158.84637451171875, "more": -163.15065002441406, "most": -150.42987060546875}, "74_78_disney_vacation_club": {"least": -142.14920043945312, "more": -144.38018798828125, "most": -131.52456665039062}, "7_35_integer_grouping": {"least": -192.64935302734375, "more": -203.66586303710938, "most": -203.66586303710938}, "9_38_calculating_determinant": {"least": -166.26205444335938, "more": -171.04360961914062, "most": -165.29383850097656}}