{"0_1_fibonacci": {"least": 159.94976806640625, "more": 156.54458618164062, "most": 140.14036560058594}, "0_2_fibonacci": {"least": 126.3851089477539, "more": 125.44857788085938, "most": 111.5851821899414}, "0_5_fibonacci": {"least": 104.51492309570312, "more": 105.04476928710938, "most": 110.83760070800781}, "0_6_fibonacci": {"least": 118.75727081298828, "more": 113.64111328125, "most": 117.70838928222656}, "10_39_xnglxsh": {"least": 153.83303833007812, "more": 156.82394409179688, "most": 154.47793579101562}, "11_40_palindrome": {"least": 83.65331268310547, "more": 78.85552978515625, "most": 83.45965576171875}, "12_41_reversing_a_list": {"least": 104.97898864746094, "more": 108.36621856689453, "most": 107.81619262695312}, "13_42_limit": {"least": 105.37535858154297, "more": 112.20347595214844, "most": 111.50692749023438}, "14_43_used_twice": {"least": 95.76266479492188, "more": 92.5445556640625, "most": 95.93217468261719}, "15_44_sequential_search": {"least": 137.56356811523438, "more": 150.40528869628906, "most": 132.02304077148438}, "15_45_sequential_search": {"least": 139.23397827148438, "more": 134.95828247070312, "most": 128.98590087890625}, "16_46_substring_length": {"least": 158.80064392089844, "more": 161.03689575195312, "most": 152.2040557861328}, "16_56_substring_length": {"least": 180.7872314453125, "more": 169.2691650390625, "most": 173.14181518554688}, "17_47_topk_socratic": {"least": 155.3286895751953, "more": 156.69049072265625, "most": 140.58914184570312}, "18_48_password_validator": {"least": 119.0306625366211, "more": 113.64021301269531, "most": 113.61293029785156}, "19_49_word_counter": {"least": 153.12142944335938, "more": 157.56878662109375, "most": 156.12664794921875}, "19_50_word_counter": {"least": 159.9144744873047, "more": 157.93130493164062, "most": 156.3543701171875}, "1_10_calculating_a_grade": {"least": 175.26405334472656, "more": 176.478271484375, "most": 166.5081329345703}, "1_11_calculating_a_grade": {"least": 142.48382568359375, "more": 135.38052368164062, "most": 141.1104736328125}, "1_13_calculating _a_grade": {"least": 156.1856231689453, "more": 160.20765686035156, "most": 153.1803436279297}, "1_8_calculating_a_grade": {"least": 139.34893798828125, "more": 134.21600341796875, "most": 125.24957275390625}, "1_9_calculating_a_grade": {"least": 159.00445556640625, "more": 163.58847045898438, "most": 160.81675720214844}, "20_51_spell_checker": {"least": 97.86314392089844, "more": 95.597900390625, "most": 97.62788391113281}, "21_52_fahrenheit_to_celsius": {"least": 88.59835815429688, "more": 81.30062866210938, "most": 76.78935241699219}, "22_53_cookie_purchase": {"least": 133.48487854003906, "more": 128.33010864257812, "most": 128.91650390625}, "24_29_factorial_socratic": {"least": 206.0499267578125, "more": 212.941162109375, "most": 208.16090393066406}, "25_55_insert_to_linked_list": {"least": 168.50100708007812, "more": 169.34866333007812, "most": 168.0457763671875}, "2_18_splitting_cookies": {"least": 319.2063293457031, "more": 317.6373291015625, "most": 308.8885498046875}, "3_20_counting_down": {"least": 149.6990203857422, "more": 144.85800170898438, "most": 151.62448120117188}, "4_22_removing_even_number": {"least": 80.49909973144531, "more": 86.65206909179688, "most": 80.87269592285156}, "4_23_removing_even_numer": {"least": 154.72052001953125, "more": 161.2686767578125, "most": 152.49114990234375}, "4_25_removing_even_numer": {"least": 95.33537292480469, "more": 101.71031188964844, "most": 94.27593994140625}, "4_26_removing_even_numbers": {"least": 154.25418090820312, "more": 159.84353637695312, "most": 153.45350646972656}, "4_28_removing_even_numbers": {"least": 77.5256118774414, "more": 77.46044921875, "most": 75.60897827148438}, "56_15_compute_average": {"least": 172.24681091308594, "more": 166.447998046875, "most": 166.71255493164062}, "58_58_splitting_apples": {"least": 92.3508529663086, "more": 93.42568969726562, "most": 94.28395080566406}, "58_59_splitting_apples": {"least": 122.93038940429688, "more": 119.11653900146484, "most": 94.46279907226562}, "59_60_product": {"least": 105.52400207519531, "more": 107.85533905029297, "most": 113.93789672851562}, "5_30_sorted_words": {"least": 196.41758728027344, "more": 189.81236267089844, "most": 190.18600463867188}, "60_61_largest_number": {"least": 120.74433898925781, "more": 117.88719177246094, "most": 113.15867614746094}, "61_62_is_even": {"least": 105.22400665283203, "more": 105.24794006347656, "most": 101.20159912109375}, "62_63_summing_between_integers": {"least": 97.29231262207031, "more": 97.9630126953125, "most": 95.92918395996094}, "63_64_good_dinner": {"least": 119.86894226074219, "more": 119.49771118164062, "most": 111.1591796875}, "64_65_count_ones": {"least": 141.34564208984375, "more": 139.66043090820312, "most": 144.43438720703125}, "65_66_list_range": {"least": 134.96963500976562, "more": 138.68634033203125, "most": 133.0753173828125}, "66_67_last_index_of": {"least": 84.06849670410156, "more": 83.75953674316406, "most": 75.31825256347656}, "66_68_last_index_of": {"least": 153.04556274414062, "more": 152.15475463867188, "most": 151.80154418945312}, "66_69_last_index_of": {"least": 139.3770751953125, "more": 140.16619873046875, "most": 131.41574096679688}, "67_70_area_circle": {"least": 125.89989471435547, "more": 127.75079345703125, "most": 122.54187774658203}, "69_81_get_combinations": {"least": 128.7557830810547, "more": 124.0032958984375, "most": 118.18231964111328}, "6_33_turning_clockwise": {"least": 169.23715209960938, "more": 165.35903930664062, "most": 155.59681701660156}, "6_34_turning_clockwise": {"least": 69.94085693359375, "more": 62.23162078857422, "most": 69.84393310546875}, "74_77_disney_vacation_club": {"least": 143.879150390625, "more": 144.15476989746094, "most": 144.73468017578125}, "74_78_disney_vacation_club": {"least": 123.6898422241211, "more": 121.96918487548828, "most": 116.13494110107422}, "7_35_integer_grouping": {"least": 184.67332458496094, "more": 185.4461669921875, "most": 185.4461669921875}, "9_38_calculating_determinant": {"least": 144.39303588867188, "more": 143.21070861816406, "most": 136.93182373046875}}